ID;Marca;Tipo;Preco;Custo;Obs
1;Samsung;Televisão;2999.99;2000.0;Smart TV 55 polegadas
2;LG;Televisão;2599.9;1800.0;Smart TV 50 polegadas
3;Dell;Notebook;4999.99;3500.0;Intel Core i7, 16GB RAM, 512GB SSD
4;Apple;Notebook;10999.99;8500.0;MacBook Pro M2, 16GB RAM, 1TB SSD
5;Sony;Fone de Ouvido;599.99;300.0;Fone Bluetooth com cancelamento de ruído
6;JBL;Caixa de Som;799.9;500.0;Caixa de som portátil à prova d'água
7;Acer;Notebook;3999.99;2800.0;Intel Core i5, 8GB RAM, 256GB SSD
8;Xiaomi;Smartphone;1999.9;1400.0;Redmi Note 12, 128GB
9;Motorola;Smartphone;2399.99;1700.0;Moto G Stylus, 256GB
10;Philips;Monitor;1299.99;900.0;Monitor Full HD 24 polegadas
11;Samsung;Maquina de Lavar;4000;1500;Maquina de Lavar Boulevard Village
12;Propria;Cogna;1000.0;200.0;Professores de TI - kkkkkkkk